Unnamed: 0,Año,Trimestre,Provincia,Velocidad_Media,Objetivo_KPI
0,2022,4,Buenos Aires,111.0,2813.7500000000005
1,2022,4,Capital Federal,18.286,380.00750000000005
2,2022,4,Catamarca,8.333,118.74125000000002
3,2022,4,Chaco,10.402,173.0525
4,2022,4,Chubut,1.592,-58.209999999999994
5,2022,4,Córdoba,10.877,185.52125000000004
6,2022,4,Corrientes,9.472,148.64000000000001
7,2022,4,Entre Ríos,8.747,129.60875000000001
8,2022,4,Formosa,7.203,89.07875000000001
9,2022,4,Jujuy,3.932,3.2150000000000123
10,2022,4,La Pampa,191.0,4913.75
11,2022,4,La Rioja,61.0,1501.25
12,2022,4,Mendoza,3.876,1.7449999999999966
13,2022,4,Misiones,9.124,139.50500000000002
14,2022,4,Neuquén,9.537,150.34625000000003
15,2022,4,Río Negro,7.531,97.68874999999998
16,2022,4,Salta,7.593,99.31625000000001
17,2022,4,San Juan,1.639,-56.97624999999999
18,2022,4,San Luis,3.067,-19.491249999999994
19,2022,4,Santa Cruz,1.433,-62.383750000000006
20,2022,4,Santa Fe,903.0,23603.750000000004
21,2022,4,Santiago Del Estero,344.0,8930.0
22,2022,4,Tierra Del Fuego,1.348,-64.615
23,2022,4,Tucumán,8.833,131.86625000000004
24,2022,3,Buenos Aires,7.019,145.665
25,2022,3,Capital Federal,10.105,253.675
26,2022,3,Catamarca,6.099,113.46500000000003
27,2022,3,Chaco,5.321,86.23499999999999
28,2022,3,Chubut,1.557,-45.505
29,2022,3,Córdoba,5.632,97.11999999999999
30,2022,3,Corrientes,4.507,57.74500000000001
31,2022,3,Entre Ríos,4.249,48.715
32,2022,3,Formosa,3.035,6.225000000000014
33,2022,3,Jujuy,3.243,13.504999999999997
34,2022,3,La Pampa,1.81,-36.65
35,2022,3,La Rioja,4.43,55.04999999999999
36,2022,3,Mendoza,3.416,19.56000000000001
37,2022,3,Misiones,4.93,72.55
38,2022,3,Neuquén,4.781,67.33499999999998
39,2022,3,Río Negro,3.413,19.455
40,2022,3,Salta,4.133,44.654999999999994
41,2022,3,San Juan,1.584,-44.559999999999995
42,2022,3,San Luis,1.933,-32.345
43,2022,3,Santa Cruz,1.26,-55.89999999999999
44,2022,3,Santa Fe,4.515,58.025000000000006
45,2022,3,Santiago Del Estero,1.769,-38.084999999999994
46,2022,3,Tierra Del Fuego,1.101,-61.465
47,2022,3,Tucumán,5.336,86.76
48,2022,2,Buenos Aires,655.0,34287.5
49,2022,2,Capital Federal,9.397,393.3425000000001
50,2022,2,Catamarca,5.656,196.93999999999997
51,2022,2,Chaco,5.061,165.7025
52,2022,2,Chubut,1.491,-21.72249999999999
53,2022,2,Córdoba,5.351,180.9275
54,2022,2,Corrientes,4.331,127.37750000000001
55,2022,2,Entre Ríos,4.003,110.1575
56,2022,2,Formosa,2.847,49.4675
57,2022,2,Jujuy,2.939,54.2975
58,2022,2,La Pampa,1.607,-15.632499999999993
59,2022,2,La Rioja,4.328,127.22000000000003
60,2022,2,Mendoza,2.972,56.03
61,2022,2,Misiones,4.623,142.70750000000004
62,2022,2,Neuquén,4.653,144.2825
63,2022,2,Río Negro,3.326,74.61500000000001
64,2022,2,Salta,3.877,103.5425
65,2022,2,San Juan,1.444,-24.19
66,2022,2,San Luis,1.932,1.429999999999998
67,2022,2,Santa Cruz,1.181,-37.997499999999995
68,2022,2,Santa Fe,4.201,120.55249999999998
69,2022,2,Santiago Del Estero,1.634,-14.215
70,2022,2,Tierra Del Fuego,1.097,-42.4075
71,2022,2,Tucumán,5.009,162.9725
72,2022,1,Buenos Aires,6.251,556.355
73,2022,1,Capital Federal,8.822,826.31
74,2022,1,Catamarca,5.122,437.81
75,2022,1,Chaco,4.584,381.32
76,2022,1,Chubut,1.34,40.700000000000024
77,2022,1,Córdoba,4.989,423.845
78,2022,1,Corrientes,3.811,300.155
79,2022,1,Entre Ríos,3.559,273.69500000000005
80,2022,1,Formosa,3.028,217.94000000000003
81,2022,1,Jujuy,2.769,190.74500000000003
82,2022,1,La Pampa,1.484,55.82
83,2022,1,La Rioja,4.137,334.385
84,2022,1,Mendoza,2.62,175.10000000000002
85,2022,1,Misiones,4.187,339.6350000000001
86,2022,1,Neuquén,4.305,352.025
87,2022,1,Río Negro,3.109,226.445
88,2022,1,Salta,3.671,285.45500000000004
89,2022,1,San Juan,1.199,25.895000000000003
90,2022,1,San Luis,2.095,119.97500000000004
91,2022,1,Santa Cruz,1.089,14.345000000000008
92,2022,1,Santa Fe,3.889,308.345
93,2022,1,Santiago Del Estero,1.45,52.25
94,2022,1,Tierra Del Fuego,1.073,12.664999999999992
95,2022,1,Tucumán,4.724,396.02000000000004
96,2021,4,Buenos Aires,6.021,58.051249999999996
97,2021,4,Capital Federal,8.295,117.74374999999999
98,2021,4,Catamarca,4.638,21.74750000000001
99,2021,4,Chaco,4.234,11.14250000000001
100,2021,4,Chubut,908.0,23735.000000000004
101,2021,4,Córdoba,4.636,21.694999999999997
102,2021,4,Corrientes,3.577,-6.103749999999996
103,2021,4,Entre Ríos,3.332,-12.534999999999997
104,2021,4,Formosa,2.876,-24.505
105,2021,4,Jujuy,2.714,-28.757500000000004
106,2021,4,La Pampa,1.385,-63.64375
107,2021,4,La Rioja,3.97,4.212500000000019
108,2021,4,Mendoza,2.223,-41.646249999999995
109,2021,4,Misiones,3.89,2.112500000000006
110,2021,4,Neuquén,4.009,5.236250000000009
111,2021,4,Río Negro,2.72,-28.59999999999999
112,2021,4,Salta,3.394,-10.907499999999992
113,2021,4,San Juan,1.105,-70.99375
114,2021,4,San Luis,2.091,-45.11124999999999
115,2021,4,Santa Cruz,899.0,23498.75
116,2021,4,Santa Fe,3.602,-5.4474999999999945
117,2021,4,Santiago Del Estero,1.384,-63.67
118,2021,4,Tierra Del Fuego,1.07,-71.9125
119,2021,4,Tucumán,4.515,18.518750000000004
120,2021,3,Buenos Aires,5.626,96.91000000000001
121,2021,3,Capital Federal,7.771,171.98499999999999
122,2021,3,Catamarca,4.343,52.005
123,2021,3,Chaco,3.911,36.88500000000001
124,2021,3,Chubut,818.0,28530.0
125,2021,3,Córdoba,4.193,46.75499999999999
126,2021,3,Corrientes,3.217,12.595
127,2021,3,Entre Ríos,2.96,3.600000000000003
128,2021,3,Formosa,2.669,-6.584999999999989
129,2021,3,Jujuy,2.598,-9.07
130,2021,3,La Pampa,1.299,-54.535
131,2021,3,La Rioja,3.887,36.045000000000016
132,2021,3,Mendoza,1.337,-53.205000000000005
133,2021,3,Misiones,3.088,8.080000000000014
134,2021,3,Neuquén,3.834,34.19000000000001
135,2021,3,Río Negro,2.54,-11.099999999999993
136,2021,3,Salta,3.121,9.235
137,2021,3,San Juan,704.0,24540.0
138,2021,3,San Luis,2.17,-24.049999999999994
139,2021,3,Santa Cruz,769.0,26815.000000000004
140,2021,3,Santa Fe,3.313,15.955000000000016
141,2021,3,Santiago Del Estero,1.335,-53.27499999999999
142,2021,3,Tierra Del Fuego,952.0,33220.0
143,2021,3,Tucumán,4.21,47.35000000000002
144,2021,2,Buenos Aires,5.276,176.98999999999998
145,2021,2,Capital Federal,7.275,281.93750000000006
146,2021,2,Catamarca,4.219,121.49750000000003
147,2021,2,Chaco,3.74,96.35000000000002
148,2021,2,Chubut,768.0,40220.00000000001
149,2021,2,Córdoba,3.959,107.84750000000001
150,2021,2,Corrientes,3.037,59.442499999999995
151,2021,2,Entre Ríos,2.762,45.00500000000001
152,2021,2,Formosa,2.397,25.84249999999999
153,2021,2,Jujuy,2.581,35.50250000000001
154,2021,2,La Pampa,1.228,-35.529999999999994
155,2021,2,La Rioja,3.853,102.28250000000001
156,2021,2,Mendoza,1.347,-29.2825
157,2021,2,Misiones,2.868,50.57000000000001
158,2021,2,Neuquén,3.611,89.57750000000001
159,2021,2,Río Negro,2.375,24.687499999999996
160,2021,2,Salta,2.924,53.51000000000001
161,2021,2,San Juan,699.0,36597.5
162,2021,2,San Luis,2.166,13.71500000000001
163,2021,2,Santa Cruz,763.0,39957.5
164,2021,2,Santa Fe,3.07,61.175000000000004
165,2021,2,Santiago Del Estero,1.272,-33.21999999999999
166,2021,2,Tierra Del Fuego,859.0,44997.5
167,2021,2,Tucumán,4.031,111.6275
168,2021,1,Buenos Aires,5.079,433.295
169,2021,1,Capital Federal,6.829,617.045
170,2021,1,Catamarca,3.997,319.68500000000006
171,2021,1,Chaco,3.363,253.115
172,2021,1,Chubut,753.0,78965.0
173,2021,1,Córdoba,3.617,279.78499999999997
174,2021,1,Corrientes,2.599,172.895
175,2021,1,Entre Ríos,2.387,150.63500000000002
176,2021,1,Formosa,2.098,120.29
177,2021,1,Jujuy,2.678,181.19
178,2021,1,La Pampa,1.073,12.664999999999992
179,2021,1,La Rioja,1.27,33.350000000000016
180,2021,1,Mendoza,1.26,32.30000000000002
181,2021,1,Misiones,2.508,163.34
182,2021,1,Neuquén,3.424,259.52000000000004
183,2021,1,Río Negro,2.192,130.16
184,2021,1,Salta,2.732,186.86
185,2021,1,San Juan,691.0,72455.0
186,2021,1,San Luis,2.159,126.69500000000001
187,2021,1,Santa Cruz,750.0,78650.0
188,2021,1,Santa Fe,2.813,195.365
189,2021,1,Santiago Del Estero,1.158,21.589999999999996
190,2021,1,Tierra Del Fuego,873.0,91565.00000000001
191,2021,1,Tucumán,3.798,298.79
192,2020,4,Buenos Aires,5.001,31.276250000000005
193,2020,4,Capital Federal,6.733,76.74125000000001
194,2020,4,Catamarca,3.765,-1.1687499999999962
195,2020,4,Chaco,3.245,-14.81874999999999
196,2020,4,Chubut,738.0,19272.5
197,2020,4,Córdoba,3.512,-7.809999999999995
198,2020,4,Corrientes,2.545,-33.19375
199,2020,4,Entre Ríos,2.405,-36.868750000000006
200,2020,4,Formosa,1.97,-48.287499999999994
201,2020,4,Jujuy,2.521,-33.82375
202,2020,4,La Pampa,988.0,25835.000000000004
203,2020,4,La Rioja,1.253,-67.10875
204,2020,4,Mendoza,1.109,-70.88875
205,2020,4,Misiones,2.496,-34.48
206,2020,4,Neuquén,3.391,-10.986249999999998
207,2020,4,Río Negro,2.164,-43.19499999999999
208,2020,4,Salta,2.532,-33.53499999999999
209,2020,4,San Juan,641.0,16726.25
210,2020,4,San Luis,2.125,-44.21874999999999
211,2020,4,Santa Cruz,749.0,19561.25
212,2020,4,Santa Fe,2.729,-28.36375
213,2020,4,Santiago Del Estero,1.128,-70.39
214,2020,4,Tierra Del Fuego,849.0,22186.25
215,2020,4,Tucumán,3.644,-4.344999999999988
216,2020,3,Buenos Aires,4.838,69.33000000000001
217,2020,3,Capital Federal,6.381,123.33500000000004
218,2020,3,Catamarca,3.654,27.889999999999997
219,2020,3,Chaco,3.08,7.800000000000014
220,2020,3,Chubut,740.0,25800.0
221,2020,3,Córdoba,3.351,17.285000000000007
222,2020,3,Corrientes,2.385,-16.525000000000002
223,2020,3,Entre Ríos,2.243,-21.494999999999997
224,2020,3,Formosa,1.828,-36.01999999999999
225,2020,3,Jujuy,2.191,-23.315000000000005
226,2020,3,La Pampa,1.07,-62.55
227,2020,3,La Rioja,1.219,-57.334999999999994
228,2020,3,Mendoza,1.019,-64.335
229,2020,3,Misiones,2.414,-15.509999999999987
230,2020,3,Neuquén,3.146,10.110000000000003
231,2020,3,Río Negro,2.108,-26.22
232,2020,3,Salta,2.526,-11.590000000000005
233,2020,3,San Juan,603.0,21005.0
234,2020,3,San Luis,2.085,-27.025000000000006
235,2020,3,Santa Cruz,665.0,23175.0
236,2020,3,Santa Fe,2.569,-10.085000000000004
237,2020,3,Santiago Del Estero,1.088,-61.919999999999995
238,2020,3,Tierra Del Fuego,851.0,29685.000000000004
239,2020,3,Tucumán,3.484,21.940000000000012
240,2020,2,Buenos Aires,4.566,139.71499999999997
241,2020,2,Capital Federal,6.048,217.52000000000004
242,2020,2,Catamarca,3.493,83.38250000000001
243,2020,2,Chaco,2.795,46.73750000000001
244,2020,2,Chubut,761.0,39852.5
245,2020,2,Córdoba,3.099,62.697500000000026
246,2020,2,Corrientes,2.215,16.287499999999987
247,2020,2,Entre Ríos,2.045,7.362500000000005
248,2020,2,Formosa,1.687,-11.43249999999999
249,2020,2,Jujuy,1.586,-16.73499999999999
250,2020,2,La Pampa,803.0,42057.50000000001
251,2020,2,La Rioja,1.167,-38.732499999999995
252,2020,2,Mendoza,927.0,48567.5
253,2020,2,Misiones,2.256,18.43999999999999
254,2020,2,Neuquén,2.91,52.77500000000002
255,2020,2,Río Negro,1.968,3.320000000000012
256,2020,2,Salta,2.256,18.43999999999999
257,2020,2,San Juan,631.0,33027.5
258,2020,2,San Luis,2.102,10.355000000000004
259,2020,2,Santa Cruz,659.0,34497.5
260,2020,2,Santa Fe,2.393,25.632499999999993
261,2020,2,Santiago Del Estero,1.041,-45.3475
262,2020,2,Tierra Del Fuego,813.0,42582.50000000001
263,2020,2,Tucumán,3.27,71.675
264,2020,1,Buenos Aires,4.518,374.39
265,2020,1,Capital Federal,5.871,516.4550000000002
266,2020,1,Catamarca,2.913,205.865
267,2020,1,Chaco,2.594,172.37
268,2020,1,Chubut,712.0,74660.0
269,2020,1,Córdoba,2.939,208.595
270,2020,1,Corrientes,2.054,115.66999999999999
271,2020,1,Entre Ríos,1.903,99.81500000000001
272,2020,1,Formosa,1.57,64.85000000000001
273,2020,1,Jujuy,1.414,48.46999999999999
274,2020,1,La Pampa,729.0,76445.0
275,2020,1,La Rioja,796.0,83480.0
276,2020,1,Mendoza,844.0,88520.0
277,2020,1,Misiones,2.215,132.575
278,2020,1,Neuquén,2.777,191.58500000000004
279,2020,1,Río Negro,1.906,100.13000000000001
280,2020,1,Salta,2.143,125.01500000000001
281,2020,1,San Juan,604.0,63320.00000000001
282,2020,1,San Luis,2.099,120.39500000000002
283,2020,1,Santa Cruz,642.0,67310.0
284,2020,1,Santa Fe,2.242,135.41000000000003
285,2020,1,Santiago Del Estero,1.0,5.000000000000004
286,2020,1,Tierra Del Fuego,741.0,77705.0
287,2020,1,Tucumán,3.225,238.62500000000006
288,2019,4,Buenos Aires,3.077,-19.228749999999994
289,2019,4,Capital Federal,4.42,16.025
290,2019,4,Catamarca,2.488,-34.69
291,2019,4,Chaco,2.337,-38.653749999999995
292,2019,4,Chubut,699.0,18248.75
293,2019,4,Córdoba,2.616,-31.32999999999999
294,2019,4,Corrientes,1.926,-49.4425
295,2019,4,Entre Ríos,1.701,-55.34874999999999
296,2019,4,Formosa,1.453,-61.85874999999999
297,2019,4,Jujuy,1.296,-65.97999999999999
298,2019,4,La Pampa,653.0,17041.25
299,2019,4,La Rioja,800.0,20900.0
300,2019,4,Mendoza,779.0,20348.75
301,2019,4,Misiones,2.032,-46.660000000000004
302,2019,4,Neuquén,2.602,-31.6975
303,2019,4,Río Negro,1.718,-54.902499999999996
304,2019,4,Salta,1.908,-49.915
305,2019,4,San Juan,604.0,15755.000000000002
306,2019,4,San Luis,2.069,-45.68875
307,2019,4,Santa Cruz,521.0,13576.250000000002
308,2019,4,Santa Fe,2.055,-46.05625
309,2019,4,Santiago Del Estero,979.0,25598.75
310,2019,4,Tierra Del Fuego,727.0,18983.75
311,2019,4,Tucumán,2.987,-21.591249999999995
312,2019,3,Buenos Aires,2.568,-10.119999999999996
313,2019,3,Capital Federal,3.871,35.485000000000014
314,2019,3,Catamarca,929.0,32415.000000000004
315,2019,3,Chaco,1.999,-30.03499999999999
316,2019,3,Chubut,697.0,24295.0
317,2019,3,Córdoba,2.319,-18.834999999999994
318,2019,3,Corrientes,1.67,-41.55
319,2019,3,Entre Ríos,1.47,-48.55
320,2019,3,Formosa,1.322,-53.73
321,2019,3,Jujuy,1.197,-58.105
322,2019,3,La Pampa,572.0,19920.0
323,2019,3,La Rioja,800.0,27900.0
324,2019,3,Mendoza,611.0,21285.000000000004
325,2019,3,Misiones,1.793,-37.245
326,2019,3,Neuquén,2.375,-16.875000000000004
327,2019,3,Río Negro,1.598,-44.06999999999999
328,2019,3,Salta,1.475,-48.37499999999999
329,2019,3,San Juan,604.0,21040.0
330,2019,3,San Luis,1.974,-30.909999999999993
331,2019,3,Santa Cruz,502.0,17470.0
332,2019,3,Santa Fe,1.817,-36.405
333,2019,3,Santiago Del Estero,939.0,32765.000000000004
334,2019,3,Tierra Del Fuego,669.0,23315.0
335,2019,3,Tucumán,1.932,-32.38
336,2019,2,Buenos Aires,2.248,18.020000000000014
337,2019,2,Capital Federal,3.035,59.33750000000002
338,2019,2,Catamarca,881.0,46152.5
339,2019,2,Chaco,1.601,-15.947499999999993
340,2019,2,Chubut,605.0,31662.5
341,2019,2,Córdoba,1.843,-3.2424999999999926
342,2019,2,Corrientes,1.383,-27.3925
343,2019,2,Entre Ríos,1.219,-36.00249999999999
344,2019,2,Formosa,1.084,-43.089999999999996
345,2019,2,Jujuy,1.207,-36.63249999999999
346,2019,2,La Pampa,549.0,28722.500000000004
347,2019,2,La Rioja,789.0,41322.5
348,2019,2,Mendoza,603.0,31557.5
349,2019,2,Misiones,1.45,-23.875
350,2019,2,Neuquén,1.724,-9.489999999999998
351,2019,2,Río Negro,1.163,-38.94249999999999
352,2019,2,Salta,1.255,-34.112500000000004
353,2019,2,San Juan,612.0,32030.0
354,2019,2,San Luis,1.988,4.370000000000007
355,2019,2,Santa Cruz,601.0,31452.500000000004
356,2019,2,Santa Fe,1.507,-20.882500000000004
357,2019,2,Santiago Del Estero,710.0,37175.0
358,2019,2,Tierra Del Fuego,634.0,33185.0
359,2019,2,Tucumán,1.853,-2.717499999999995
360,2019,1,Buenos Aires,1.964,106.22000000000003
361,2019,1,Capital Federal,2.472,159.56
362,2019,1,Catamarca,796.0,83480.0
363,2019,1,Chaco,1.344,41.120000000000026
364,2019,1,Chubut,589.0,61745.00000000001
365,2019,1,Córdoba,1.573,65.165
366,2019,1,Corrientes,1.205,26.52500000000002
367,2019,1,Entre Ríos,1.066,11.930000000000017
368,2019,1,Formosa,983.0,103115.00000000001
369,2019,1,Jujuy,856.0,89780.0
370,2019,1,La Pampa,506.0,53030.00000000001
371,2019,1,La Rioja,709.0,74345.0
372,2019,1,Mendoza,574.0,60170.00000000001
373,2019,1,Misiones,1.251,31.355
374,2019,1,Neuquén,1.588,66.74000000000002
375,2019,1,Río Negro,1.049,10.145000000000003
376,2019,1,Salta,1.038,8.990000000000009
377,2019,1,San Juan,584.0,61220.00000000001
378,2019,1,San Luis,871.0,91355.0
379,2019,1,Santa Cruz,578.0,60590.0
380,2019,1,Santa Fe,1.299,36.394999999999996
381,2019,1,Santiago Del Estero,642.0,67310.0
382,2019,1,Tierra Del Fuego,634.0,66470.0
383,2019,1,Tucumán,1.657,73.98500000000001
384,2018,4,Buenos Aires,1.693,-55.55874999999999
385,2018,4,Capital Federal,2.294,-39.7825
386,2018,4,Catamarca,804.0,21005.0
387,2018,4,Chaco,1.349,-64.58874999999999
388,2018,4,Chubut,609.0,15886.250000000002
389,2018,4,Córdoba,1.581,-58.49875
390,2018,4,Corrientes,1.214,-68.1325
391,2018,4,Entre Ríos,1.102,-71.07249999999999
392,2018,4,Formosa,982.0,25677.500000000004
393,2018,4,Jujuy,856.0,22370.0
394,2018,4,La Pampa,432.0,11240.0
395,2018,4,La Rioja,709.0,18511.25
396,2018,4,Mendoza,575.0,14993.75
397,2018,4,Misiones,1.25,-67.1875
398,2018,4,Neuquén,1.589,-58.28875
399,2018,4,Río Negro,1.049,-72.46375
400,2018,4,Salta,1.046,-72.5425
401,2018,4,San Juan,572.0,14915.0
402,2018,4,San Luis,882.0,23052.5
403,2018,4,Santa Cruz,512.0,13340.0
404,2018,4,Santa Fe,1.318,-65.4025
405,2018,4,Santiago Del Estero,631.0,16463.75
406,2018,4,Tierra Del Fuego,744.0,19430.0
407,2018,4,Tucumán,1.658,-56.477500000000006
408,2018,3,Buenos Aires,1.678,-41.27
409,2018,3,Capital Federal,2.164,-24.25999999999999
410,2018,3,Catamarca,781.0,27235.000000000004
411,2018,3,Chaco,1.289,-54.885
412,2018,3,Chubut,608.0,21180.0
413,2018,3,Córdoba,1.482,-48.13
414,2018,3,Corrientes,1.149,-59.785
415,2018,3,Entre Ríos,1.052,-63.18
416,2018,3,Formosa,932.0,32520.0
417,2018,3,Jujuy,767.0,26745.0
418,2018,3,La Pampa,428.0,14880.000000000002
419,2018,3,La Rioja,616.0,21460.000000000004
420,2018,3,Mendoza,579.0,20165.0
421,2018,3,Misiones,1.249,-56.285
422,2018,3,Neuquén,1.467,-48.655
423,2018,3,Río Negro,1.006,-64.79
424,2018,3,Salta,927.0,32345.0
425,2018,3,San Juan,574.0,19990.0
426,2018,3,San Luis,881.0,30735.000000000004
427,2018,3,Santa Cruz,537.0,18695.0
428,2018,3,Santa Fe,1.236,-56.74
429,2018,3,Santiago Del Estero,578.0,20130.0
430,2018,3,Tierra Del Fuego,599.0,20865.0
431,2018,3,Tucumán,1.526,-46.589999999999996
432,2018,2,Buenos Aires,1.468,-22.929999999999996
433,2018,2,Capital Federal,1.894,-0.5650000000000044
434,2018,2,Catamarca,769.0,40272.5
435,2018,2,Chaco,1.25,-34.375
436,2018,2,Chubut,533.0,27882.5
437,2018,2,Córdoba,1.388,-27.13
438,2018,2,Corrientes,1.088,-42.879999999999995
439,2018,2,Entre Ríos,1.019,-46.502500000000005
440,2018,2,Formosa,897.0,46992.5
441,2018,2,Jujuy,629.0,32922.5
442,2018,2,La Pampa,410.0,21425.0
443,2018,2,La Rioja,559.0,29247.500000000004
444,2018,2,Mendoza,588.0,30770.0
445,2018,2,Misiones,1.176,-38.260000000000005
446,2018,2,Neuquén,1.337,-29.807499999999997
447,2018,2,Río Negro,951.0,49827.5
448,2018,2,Salta,893.0,46782.50000000001
449,2018,2,San Juan,585.0,30612.5
450,2018,2,San Luis,590.0,30875.0
451,2018,2,Santa Cruz,519.0,27147.500000000004
452,2018,2,Santa Fe,1.175,-38.31249999999999
453,2018,2,Santiago Del Estero,591.0,30927.500000000004
454,2018,2,Tierra Del Fuego,594.0,31085.000000000004
455,2018,2,Tucumán,1.351,-29.0725
456,2018,1,Buenos Aires,1.42,49.09999999999999
457,2018,1,Capital Federal,1.775,86.375
458,2018,1,Catamarca,820.0,86000.0
459,2018,1,Chaco,1.244,30.620000000000005
460,2018,1,Chubut,542.0,56810.0
461,2018,1,Córdoba,1.279,34.29499999999999
462,2018,1,Corrientes,1.112,16.76000000000002
463,2018,1,Entre Ríos,988.0,103640.00000000001
464,2018,1,Formosa,1.106,16.130000000000024
465,2018,1,Jujuy,674.0,70670.0
466,2018,1,La Pampa,400.0,41900.0
467,2018,1,La Rioja,589.0,61745.00000000001
468,2018,1,Mendoza,588.0,61640.0
469,2018,1,Misiones,1.208,26.839999999999996
470,2018,1,Neuquén,1.196,25.580000000000002
471,2018,1,Río Negro,898.0,94190.00000000001
472,2018,1,Salta,919.0,96395.0
473,2018,1,San Juan,585.0,61325.0
474,2018,1,San Luis,589.0,61745.00000000001
475,2018,1,Santa Cruz,519.0,54395.00000000001
476,2018,1,Santa Fe,1.117,17.284999999999997
477,2018,1,Santiago Del Estero,625.0,65525.0
478,2018,1,Tierra Del Fuego,577.0,60485.0
479,2018,1,Tucumán,936.0,98180.0
480,2017,4,Buenos Aires,1.297,-65.95375
481,2017,4,Capital Federal,1.52,-60.099999999999994
482,2017,4,Catamarca,778.0,20322.500000000004
483,2017,4,Chaco,1.17,-69.28750000000001
484,2017,4,Chubut,541.0,14101.250000000002
485,2017,4,Córdoba,1.164,-69.44500000000001
486,2017,4,Corrientes,1.038,-72.7525
487,2017,4,Entre Ríos,930.0,24312.5
488,2017,4,Formosa,1.011,-73.46125
489,2017,4,Jujuy,664.0,17330.0
490,2017,4,La Pampa,398.0,10347.5
491,2017,4,La Rioja,588.0,15335.0
492,2017,4,Mendoza,571.0,14888.750000000002
493,2017,4,Misiones,1.132,-70.285
494,2017,4,Neuquén,1.072,-71.85999999999999
495,2017,4,Río Negro,805.0,21031.25
496,2017,4,Salta,845.0,22081.25
497,2017,4,San Juan,583.0,15203.75
498,2017,4,San Luis,573.0,14941.25
499,2017,4,Santa Cruz,521.0,13576.250000000002
500,2017,4,Santa Fe,1.03,-72.96249999999999
501,2017,4,Santiago Del Estero,617.0,16096.25
502,2017,4,Tierra Del Fuego,520.0,13550.0
503,2017,4,Tucumán,911.0,23813.75
504,2017,3,Buenos Aires,843.0,29405.0
505,2017,3,Capital Federal,1.064,-62.75999999999999
506,2017,3,Catamarca,526.0,18310.000000000004
507,2017,3,Chaco,848.0,29580.0
508,2017,3,Chubut,348.0,12080.000000000002
509,2017,3,Córdoba,912.0,31820.0
510,2017,3,Corrientes,745.0,25975.0
511,2017,3,Entre Ríos,699.0,24365.0
512,2017,3,Formosa,707.0,24645.0
513,2017,3,Jujuy,469.0,16315.0
514,2017,3,La Pampa,344.0,11940.0
515,2017,3,La Rioja,501.0,17435.000000000004
516,2017,3,Mendoza,351.0,12185.0
517,2017,3,Misiones,843.0,29405.0
518,2017,3,Neuquén,817.0,28495.0
519,2017,3,Río Negro,549.0,19115.0
520,2017,3,Salta,613.0,21355.0
521,2017,3,San Juan,345.0,11975.0
522,2017,3,San Luis,350.0,12150.0
523,2017,3,Santa Cruz,361.0,12535.0
524,2017,3,Santa Fe,779.0,27165.000000000004
525,2017,3,Santiago Del Estero,518.0,18030.0
526,2017,3,Tierra Del Fuego,348.0,12080.000000000002
527,2017,3,Tucumán,639.0,22265.0
528,2017,2,Buenos Aires,720.0,37700.0
529,2017,2,Capital Federal,884.0,46310.0
530,2017,2,Catamarca,510.0,26675.0
531,2017,2,Chaco,769.0,40272.5
532,2017,2,Chubut,345.0,18012.5
533,2017,2,Córdoba,742.0,38855.0
534,2017,2,Corrientes,679.0,35547.5
535,2017,2,Entre Ríos,629.0,32922.5
536,2017,2,Formosa,618.0,32345.0
537,2017,2,Jujuy,454.0,23735.000000000004
538,2017,2,La Pampa,332.0,17330.0
539,2017,2,La Rioja,553.0,28932.5
540,2017,2,Mendoza,351.0,18327.5
541,2017,2,Misiones,760.0,39800.0
542,2017,2,Neuquén,670.0,35075.0
543,2017,2,Río Negro,474.0,24785.000000000004
544,2017,2,Salta,576.0,30140.000000000004
545,2017,2,San Juan,349.0,18222.5
546,2017,2,San Luis,350.0,18275.0
547,2017,2,Santa Cruz,360.0,18800.0
548,2017,2,Santa Fe,684.0,35810.0
549,2017,2,Santiago Del Estero,506.0,26465.000000000004
550,2017,2,Tierra Del Fuego,348.0,18170.0
551,2017,2,Tucumán,609.0,31872.500000000004
552,2017,1,Buenos Aires,668.0,70040.0
553,2017,1,Capital Federal,835.0,87575.0
554,2017,1,Catamarca,497.0,52085.0
555,2017,1,Chaco,731.0,76655.0
556,2017,1,Chubut,344.0,36020.0
557,2017,1,Córdoba,680.0,71300.0
558,2017,1,Corrientes,643.0,67415.0
559,2017,1,Entre Ríos,595.0,62375.0
560,2017,1,Formosa,574.0,60170.00000000001
561,2017,1,Jujuy,439.0,45995.00000000001
562,2017,1,La Pampa,322.0,33710.0
563,2017,1,La Rioja,543.0,56915.0
564,2017,1,Mendoza,351.0,36755.0
565,2017,1,Misiones,734.0,76970.0
566,2017,1,Neuquén,603.0,63215.0
567,2017,1,Río Negro,445.0,46625.0
568,2017,1,Salta,534.0,55970.00000000001
569,2017,1,San Juan,349.0,36545.0
570,2017,1,San Luis,350.0,36650.0
571,2017,1,Santa Cruz,359.0,37595.0
572,2017,1,Santa Fe,628.0,65840.0
573,2017,1,Santiago Del Estero,495.0,51875.0
574,2017,1,Tierra Del Fuego,348.0,36440.0
575,2017,1,Tucumán,588.0,61640.0
576,2016,4,Buenos Aires,635.0,16568.75
577,2016,4,Capital Federal,796.0,20795.0
578,2016,4,Catamarca,489.0,12736.250000000002
579,2016,4,Chaco,708.0,18485.0
580,2016,4,Chubut,341.0,8851.25
581,2016,4,Córdoba,647.0,16883.75
582,2016,4,Corrientes,624.0,16280.000000000002
583,2016,4,Entre Ríos,581.0,15151.250000000002
584,2016,4,Formosa,563.0,14678.75
585,2016,4,Jujuy,432.0,11240.0
586,2016,4,La Pampa,319.0,8273.75
587,2016,4,La Rioja,534.0,13917.500000000002
588,2016,4,Mendoza,351.0,9113.75
589,2016,4,Misiones,711.0,18563.75
590,2016,4,Neuquén,568.0,14810.0
591,2016,4,Río Negro,437.0,11371.25
592,2016,4,Salta,522.0,13602.5
593,2016,4,San Juan,349.0,9061.25
594,2016,4,San Luis,350.0,9087.5
595,2016,4,Santa Cruz,356.0,9245.0
596,2016,4,Santa Fe,604.0,15755.000000000002
597,2016,4,Santiago Del Estero,487.0,12683.75
598,2016,4,Tierra Del Fuego,348.0,9035.0
599,2016,4,Tucumán,573.0,14941.25
600,2016,3,Buenos Aires,591.0,20585.000000000004
601,2016,3,Capital Federal,738.0,25730.0
602,2016,3,Catamarca,473.0,16455.0
603,2016,3,Chaco,672.0,23420.0
604,2016,3,Chubut,334.0,11590.0
605,2016,3,Córdoba,607.0,21145.0
606,2016,3,Corrientes,596.0,20760.000000000004
607,2016,3,Entre Ríos,559.0,19465.0
608,2016,3,Formosa,542.0,18870.0
609,2016,3,Jujuy,422.0,14670.000000000002
610,2016,3,La Pampa,314.0,10890.0
611,2016,3,La Rioja,508.0,17680.0
612,2016,3,Mendoza,351.0,12185.0
613,2016,3,Misiones,674.0,23490.0
614,2016,3,Neuquén,529.0,18415.0
615,2016,3,Río Negro,416.0,14460.0
616,2016,3,Salta,505.0,17575.0
617,2016,3,San Juan,349.0,12115.0
618,2016,3,San Luis,350.0,12150.0
619,2016,3,Santa Cruz,354.0,12290.0
620,2016,3,Santa Fe,568.0,19780.0
621,2016,3,Santiago Del Estero,467.0,16245.000000000002
622,2016,3,Tierra Del Fuego,348.0,12080.000000000002
623,2016,3,Tucumán,554.0,19290.0
624,2016,2,Buenos Aires,542.0,28355.0
625,2016,2,Capital Federal,658.0,34445.0
626,2016,2,Catamarca,436.0,22790.0
627,2016,2,Chaco,630.0,32975.0
628,2016,2,Chubut,334.0,17435.0
629,2016,2,Córdoba,552.0,28880.0
630,2016,2,Corrientes,560.0,29300.0
631,2016,2,Entre Ríos,513.0,26832.5
632,2016,2,Formosa,510.0,26675.0
633,2016,2,Jujuy,384.0,20060.000000000004
634,2016,2,La Pampa,315.0,16437.5
635,2016,2,La Rioja,477.0,24942.5
636,2016,2,Mendoza,350.0,18275.0
637,2016,2,Misiones,623.0,32607.5
638,2016,2,Neuquén,487.0,25467.5
639,2016,2,Río Negro,398.0,20795.0
640,2016,2,Salta,475.0,24837.5
641,2016,2,San Juan,349.0,18222.5
642,2016,2,San Luis,350.0,18275.0
643,2016,2,Santa Cruz,350.0,18275.0
644,2016,2,Santa Fe,514.0,26885.000000000004
645,2016,2,Santiago Del Estero,431.0,22527.5
646,2016,2,Tierra Del Fuego,348.0,18170.0
647,2016,2,Tucumán,520.0,27200.0
648,2016,1,Buenos Aires,499.0,52295.00000000001
649,2016,1,Capital Federal,605.0,63425.0
650,2016,1,Catamarca,420.0,44000.0
651,2016,1,Chaco,599.0,62795.00000000001
652,2016,1,Chubut,338.0,35390.0
653,2016,1,Córdoba,516.0,54080.00000000001
654,2016,1,Corrientes,537.0,56285.0
655,2016,1,Entre Ríos,508.0,53240.0
656,2016,1,Formosa,487.0,51035.0
657,2016,1,Jujuy,377.0,39485.0
658,2016,1,La Pampa,305.0,31925.0
659,2016,1,La Rioja,462.0,48410.0
660,2016,1,Mendoza,350.0,36650.0
661,2016,1,Misiones,600.0,62900.0
662,2016,1,Neuquén,442.0,46310.0
663,2016,1,Río Negro,383.0,40115.0
664,2016,1,Salta,474.0,49670.00000000001
665,2016,1,San Juan,349.0,36545.0
666,2016,1,San Luis,350.0,36650.0
667,2016,1,Santa Cruz,348.0,36440.0
668,2016,1,Santa Fe,490.0,51350.0
669,2016,1,Santiago Del Estero,417.0,43685.0
670,2016,1,Tierra Del Fuego,348.0,36440.0
671,2016,1,Tucumán,500.0,52400.0
672,2015,4,Buenos Aires,488.0,12710.0
673,2015,4,Capital Federal,593.0,15466.25
674,2015,4,Catamarca,412.0,10715.0
675,2015,4,Chaco,583.0,15203.75
676,2015,4,Chubut,328.0,8510.0
677,2015,4,Córdoba,507.0,13208.75
678,2015,4,Corrientes,526.0,13707.500000000002
679,2015,4,Entre Ríos,501.0,13051.250000000002
680,2015,4,Formosa,466.0,12132.5
681,2015,4,Jujuy,372.0,9665.0
682,2015,4,La Pampa,294.0,7617.5
683,2015,4,La Rioja,452.0,11765.0
684,2015,4,Mendoza,350.0,9087.5
685,2015,4,Misiones,590.0,15387.5
686,2015,4,Neuquén,436.0,11345.0
687,2015,4,Río Negro,377.0,9796.25
688,2015,4,Salta,467.0,12158.75
689,2015,4,San Juan,348.0,9035.0
690,2015,4,San Luis,350.0,9087.5
691,2015,4,Santa Cruz,348.0,9035.0
692,2015,4,Santa Fe,481.0,12526.25
693,2015,4,Santiago Del Estero,409.0,10636.250000000002
694,2015,4,Tierra Del Fuego,347.0,9008.75
695,2015,4,Tucumán,488.0,12710.0
696,2015,3,Buenos Aires,470.0,16350.0
697,2015,3,Capital Federal,566.0,19710.000000000004
698,2015,3,Catamarca,388.0,13480.000000000002
699,2015,3,Chaco,547.0,19045.0
700,2015,3,Chubut,328.0,11380.000000000002
701,2015,3,Córdoba,487.0,16945.0
702,2015,3,Corrientes,506.0,17610.000000000004
703,2015,3,Entre Ríos,477.0,16595.0
704,2015,3,Formosa,417.0,14495.000000000002
705,2015,3,Jujuy,353.0,12255.000000000002
706,2015,3,La Pampa,291.0,10085.0
707,2015,3,La Rioja,425.0,14775.0
708,2015,3,Mendoza,350.0,12150.0
709,2015,3,Misiones,563.0,19605.0
710,2015,3,Neuquén,423.0,14705.000000000002
711,2015,3,Río Negro,374.0,12990.0
712,2015,3,Salta,442.0,15370.000000000002
713,2015,3,San Juan,348.0,12080.000000000002
714,2015,3,San Luis,350.0,12150.0
715,2015,3,Santa Cruz,348.0,12080.000000000002
716,2015,3,Santa Fe,456.0,15860.0
717,2015,3,Santiago Del Estero,391.0,13585.0
718,2015,3,Tierra Del Fuego,348.0,12080.000000000002
719,2015,3,Tucumán,457.0,15895.000000000002
720,2015,2,Buenos Aires,446.0,23315.0
721,2015,2,Capital Federal,531.0,27777.500000000004
722,2015,2,Catamarca,368.0,19220.0
723,2015,2,Chaco,519.0,27147.500000000004
724,2015,2,Chubut,322.0,16805.0
725,2015,2,Córdoba,456.0,23840.0
726,2015,2,Corrientes,485.0,25362.5
727,2015,2,Entre Ríos,455.0,23787.5
728,2015,2,Formosa,376.0,19640.0
729,2015,2,Jujuy,341.0,17802.5
730,2015,2,La Pampa,286.0,14915.0
731,2015,2,La Rioja,400.0,20900.0
732,2015,2,Mendoza,350.0,18275.0
733,2015,2,Misiones,533.0,27882.5
734,2015,2,Neuquén,406.0,21215.0
735,2015,2,Río Negro,367.0,19167.5
736,2015,2,Salta,422.0,22055.0
737,2015,2,San Juan,348.0,18170.0
738,2015,2,San Luis,350.0,18275.0
739,2015,2,Santa Cruz,347.0,18117.5
740,2015,2,Santa Fe,430.0,22475.0
741,2015,2,Santiago Del Estero,373.0,19482.5
742,2015,2,Tierra Del Fuego,348.0,18170.0
743,2015,2,Tucumán,431.0,22527.5
744,2015,1,Buenos Aires,432.0,45260.0
745,2015,1,Capital Federal,500.0,52400.0
746,2015,1,Catamarca,348.0,36440.0
747,2015,1,Chaco,490.0,51350.0
748,2015,1,Chubut,321.0,33605.0
749,2015,1,Córdoba,430.0,45050.0
750,2015,1,Corrientes,463.0,48515.0
751,2015,1,Entre Ríos,435.0,45575.0
752,2015,1,Formosa,338.0,35390.0
753,2015,1,Jujuy,324.0,33920.0
754,2015,1,La Pampa,283.0,29615.000000000004
755,2015,1,La Rioja,378.0,39590.0
756,2015,1,Mendoza,350.0,36650.0
757,2015,1,Misiones,497.0,52085.0
758,2015,1,Neuquén,391.0,40955.0
759,2015,1,Río Negro,359.0,37595.0
760,2015,1,Salta,402.0,42110.0
761,2015,1,San Juan,348.0,36440.0
762,2015,1,San Luis,350.0,36650.0
763,2015,1,Santa Cruz,347.0,36335.0
764,2015,1,Santa Fe,406.0,42530.0
765,2015,1,Santiago Del Estero,357.0,37385.0
766,2015,1,Tierra Del Fuego,345.0,36125.0
767,2015,1,Tucumán,407.0,42635.0
768,2014,4,Buenos Aires,420.0,10925.0
769,2014,4,Capital Federal,478.0,12447.5
770,2014,4,Catamarca,334.0,8667.5
771,2014,4,Chaco,398.0,10347.5
772,2014,4,Chubut,317.0,8221.25
773,2014,4,Córdoba,409.0,10636.250000000002
774,2014,4,Corrientes,381.0,9901.25
775,2014,4,Entre Ríos,380.0,9875.0
776,2014,4,Formosa,302.0,7827.500000000001
777,2014,4,Jujuy,313.0,8116.250000000001
778,2014,4,La Pampa,275.0,7118.75
779,2014,4,La Rioja,358.0,9297.5
780,2014,4,Mendoza,350.0,9087.5
781,2014,4,Misiones,403.0,10478.75
782,2014,4,Neuquén,385.0,10006.25
783,2014,4,Río Negro,354.0,9192.5
784,2014,4,Salta,386.0,10032.5
785,2014,4,San Juan,348.0,9035.0
786,2014,4,San Luis,350.0,9087.5
787,2014,4,Santa Cruz,333.0,8641.25
788,2014,4,Santa Fe,378.0,9822.5
789,2014,4,Santiago Del Estero,346.0,8982.5
790,2014,4,Tierra Del Fuego,347.0,9008.75
791,2014,4,Tucumán,386.0,10032.5
792,2014,3,Buenos Aires,397.0,13795.000000000002
793,2014,3,Capital Federal,444.0,15440.0
794,2014,3,Catamarca,292.0,10120.0
795,2014,3,Chaco,346.0,12010.0
796,2014,3,Chubut,317.0,10995.0
797,2014,3,Córdoba,366.0,12710.0
798,2014,3,Corrientes,341.0,11835.0
799,2014,3,Entre Ríos,340.0,11800.0
800,2014,3,Formosa,266.0,9210.0
801,2014,3,Jujuy,293.0,10155.000000000002
802,2014,3,La Pampa,282.0,9770.0
803,2014,3,La Rioja,310.0,10750.0
804,2014,3,Mendoza,350.0,12150.0
805,2014,3,Misiones,358.0,12430.000000000002
806,2014,3,Neuquén,374.0,12990.0
807,2014,3,Río Negro,348.0,12080.000000000002
808,2014,3,Salta,341.0,11835.0
809,2014,3,San Juan,347.0,12045.0
810,2014,3,San Luis,350.0,12150.0
811,2014,3,Santa Cruz,331.0,11485.0
812,2014,3,Santa Fe,338.0,11730.000000000002
813,2014,3,Santiago Del Estero,310.0,10750.0
814,2014,3,Tierra Del Fuego,347.0,12045.0
815,2014,3,Tucumán,335.0,11625.0
816,2014,2,Buenos Aires,385.0,20112.5
817,2014,2,Capital Federal,425.0,22212.5
818,2014,2,Catamarca,292.0,15230.000000000002
819,2014,2,Chaco,342.0,17855.0
820,2014,2,Chubut,316.0,16490.0
821,2014,2,Córdoba,356.0,18590.0
822,2014,2,Corrientes,337.0,17592.5
823,2014,2,Entre Ríos,331.0,17277.5
824,2014,2,Formosa,265.0,13812.5
825,2014,2,Jujuy,277.0,14442.500000000002
826,2014,2,La Pampa,268.0,13970.000000000002
827,2014,2,La Rioja,310.0,16175.0
828,2014,2,Mendoza,350.0,18275.0
829,2014,2,Misiones,354.0,18485.0
830,2014,2,Neuquén,366.0,19115.0
831,2014,2,Río Negro,343.0,17907.5
832,2014,2,Salta,339.0,17697.5
833,2014,2,San Juan,347.0,18117.5
834,2014,2,San Luis,350.0,18275.0
835,2014,2,Santa Cruz,332.0,17330.0
836,2014,2,Santa Fe,331.0,17277.5
837,2014,2,Santiago Del Estero,307.0,16017.500000000002
838,2014,2,Tierra Del Fuego,347.0,18117.5
839,2014,2,Tucumán,335.0,17487.5
840,2014,1,Buenos Aires,373.0,39065.0
841,2014,1,Capital Federal,402.0,42110.0
842,2014,1,Catamarca,280.0,29300.0
843,2014,1,Chaco,326.0,34130.0
844,2014,1,Chubut,318.0,33290.0
845,2014,1,Córdoba,339.0,35495.0
846,2014,1,Corrientes,322.0,33710.0
847,2014,1,Entre Ríos,317.0,33185.0
848,2014,1,Formosa,257.0,26885.000000000004
849,2014,1,Jujuy,269.0,28145.0
850,2014,1,La Pampa,265.0,27725.0
851,2014,1,La Rioja,296.0,30980.0
852,2014,1,Mendoza,350.0,36650.0
853,2014,1,Misiones,340.0,35600.0
854,2014,1,Neuquén,355.0,37175.0
855,2014,1,Río Negro,335.0,35075.0
856,2014,1,Salta,330.0,34550.0
857,2014,1,San Juan,347.0,36335.0
858,2014,1,San Luis,350.0,36650.0
859,2014,1,Santa Cruz,332.0,34760.0
860,2014,1,Santa Fe,315.0,32975.0
861,2014,1,Santiago Del Estero,295.0,30875.0
862,2014,1,Tierra Del Fuego,345.0,36125.0
863,2014,1,Tucumán,321.0,33605.0
